result,coverage,p-value,capitalRisk
1,0.07700482050176341,1.4754413659096047e-08,4.297799844556936e-05
2,0.15400964100352682,4.297799844556936e-05,0.0
