result,coverage,p-value,capitalRisk
1,0.026637746402728105,0.0007887449142755718,0.0
