result,coverage,p-value,capitalRisk
1,0.5266377464027281,0.0007887449142755718,0.0
